{
  "id": "4f2d754d-89a5-44da-a84c-e8753cceb8b2",
  "version": 7,
  "type": "audio",
  "properties": {
    "source": [
      [
        "https://s3-us-west-2.amazonaws.com/secure.notion-static.com/9c998f9f-4808-4e9f-ab35-55b25db0fd3f/example.mp3"
      ]
    ]
  },
  "created_time": 1597765156711,
  "last_edited_time": 1597765140000,
  "parent_id": "34d650c6-5da3-4f88-8335-dbd3ddd141dc",
  "parent_table": "block",
  "alive": true,
  "copied_from": "27cefd04-ba63-4c4d-8a78-565afb47214b",
  "file_ids": ["9c998f9f-4808-4e9f-ab35-55b25db0fd3f"],
  "created_by_table": "notion_user",
  "created_by_id": "db401f86-4012-4d18-9445-236978ef32df",
  "last_edited_by_table": "notion_user",
  "last_edited_by_id": "db401f86-4012-4d18-9445-236978ef32df",
  "shard_id": 924403,
  "space_id": "fde5ac74-eea3-4527-8f00-4482710e1af3"
}
