{
  "id": "8d6d9aa0-7baa-4fdb-9028-ffc5fdaa2224",
  "version": 5,
  "type": "drive",
  "format": {
    "drive_status": {
      "authed": true,
      "last_fetched": 1597765319949
    },
    "drive_properties": {
      "url": "https://drive.google.com/file/d/1QqtwutJ9KC5gGitlHymkgVwJvR-l4n9S/view?usp=drivesdk",
      "icon": "https://drive-thirdparty.googleusercontent.com/64/type/application/pdf",
      "title": "Aaron_Wang_Design_Resume.pdf",
      "file_id": "1QqtwutJ9KC5gGitlHymkgVwJvR-l4n9S",
      "trashed": false,
      "version": "3",
      "thumbnail": "https://s3.us-west-2.amazonaws.com/secure.notion-static.com/00f7e6c4-ae90-40b0-bb73-8a639cb88efb/1QqtwutJ9KC5gGitlHymkgVwJvR-l4n9S.png",
      "user_name": "Aaron Wang",
      "modified_time": 1597176769000
    }
  },
  "created_time": 1597765399988,
  "last_edited_time": 1597765380000,
  "parent_id": "5d4e290c-a460-4d8f-b809-af806a6c1749",
  "parent_table": "block",
  "alive": true,
  "copied_from": "bfb81d08-0d84-42e9-84dd-3e7fee669684",
  "file_ids": ["00f7e6c4-ae90-40b0-bb73-8a639cb88efb"],
  "created_by_table": "notion_user",
  "created_by_id": "27f1b8d4-257c-46b0-bb74-37b8e5712699",
  "last_edited_by_table": "notion_user",
  "last_edited_by_id": "db401f86-4012-4d18-9445-236978ef32df",
  "shard_id": 924403,
  "space_id": "fde5ac74-eea3-4527-8f00-4482710e1af3"
}
