{
  "id": "c3536a31-d8fe-44c4-a430-b6870822f96d",
  "version": 3,
  "type": "pdf",
  "properties": {
    "source": [
      [
        "https://s3.us-west-2.amazonaws.com/secure.notion-static.com/1288fa7f-5aca-4b01-9f83-be0db99f5a86/The-Growth-Handbook-by-Intercom.pdf?X-Amz-Algorithm=AWS4-HMAC-SHA256&X-Amz-Credential=ASIAT73L2G45NZIDBECO%2F20190707%2Fus-west-2%2Fs3%2Faws4_request&X-Amz-Date=20190707T203441Z&X-Amz-Expires=86400&X-Amz-Security-Token=AgoJb3JpZ2luX2VjEPT%2F%2F%2F%2F%2F%2F%2F%2F%2F%2FwEaCXVzLXdlc3QtMiJGMEQCIGHJSdUGKZw1JNVchbBR6lO9v29jyOXmst4cjH5yJ%2F4AAiAzHEcT9h3K0SMfHa%2FTmOT%2FvAOVddUAqylU%2BFH%2Bu80xaSraAwhNEAAaDDI3NDU2NzE0OTM3MCIMxTET1VB21pyuIOxfKrcDTFXutxzuOrfs5E%2FiZBeKsvlZHRihnV8Of%2BFBYLKtQ%2Fyc7BKnT3v%2FSSt8gHjvo03cgEbm9glKpsg%2FMyqh4p%2BPSX%2FI9zqPC6XKGHyrI%2Fu%2BTKyqC0ipvWT%2B%2FdPGGFi6C1pp5bNcBm6sNk7ZGzbYFls9AOVTgWECq8Gs2abphUXwyLBqxl5t7YCr6nbtyJpEaZta7NAeFB2KIvXFiprLtyCHhRU%2BaMTHvlVugWCUZAU96YZRgZbdydGog7f6nJZjHDLjdq7xqlYCqCYanwntiH7ByniPunQJZLs47Zr1eXR0dFJwb3yFqtipaY%2F%2FaiFW8Q30oP89h%2FLIck3%2BqraQC%2FnOPZBt0nocG68l0qAa0zBL5t5hA7VcnkghyeZan3BRJoM3LUertw9qjolO1S5aeLoDvNYnM7biw9CijlnSSM%2F3NoM8%2BKzb1hZ5j9Rv0iLScejl7b%2FB4lE8ldT9MpWxKsk3wOL%2FvRsItUZVmFZp1URw1OKm7a7JF%2FugZLs6I6VI9Drw50odPIi%2BpnOt%2Fe%2FLb5VbLCN0ZdZfrGkBy6kOj%2B6S4Ss%2FXdFvZmGicE%2FXPnb5KGhV9ZfDG5NtWjCjj4npBTq1AaH2KLcZ5ZMlyBEoEbmmAkFUW3xicUSu6VgBxamxO2Q9RlSDexb%2BZhzZVlGtQ4tZuE9k3q%2BZ%2BJm9wYM7K2Dq72MVhB2Wzcyex8lB0UKwUWKWOjbIN340De0UP20IYSUx4dvkL7Lyt%2BDEAtRkrJ44ViiV2tE20nBzQVtbAWHH8mWdu9bL2RczyAZIm0zmKtV5rJPH6BQHxUTGHujnnWv32ZMDfCNwz0PfQajQ1e6Y%2Bs7G2ZyD5wM%3D&X-Amz-Signature=cf5118f7e11c099f8275a17be2c45edf00fe5918925d183431868ebd417a67d5&X-Amz-SignedHeaders=host&response-content-disposition=filename%20%3D%22The-Growth-Handbook-by-Intercom.pdf%22"
      ]
    ]
  },
  "format": {
    "block_width": 432,
    "block_height": 384,
    "block_full_width": false,
    "block_page_width": true
  },
  "created_by": "1ee99336-8d8f-4a8c-9f82-4f2d703328de",
  "created_time": 1597765156711,
  "last_edited_by": "1ee99336-8d8f-4a8c-9f82-4f2d703328de",
  "last_edited_time": 1597765140000,
  "parent_id": "34d650c6-5da3-4f88-8335-dbd3ddd141dc",
  "parent_table": "block",
  "alive": true,
  "copied_from": "3fb65899-279f-48b9-8796-20fb1dbb06c5",
  "file_ids": ["1288fa7f-5aca-4b01-9f83-be0db99f5a86"],
  "created_by_table": "notion_user",
  "created_by_id": "1ee99336-8d8f-4a8c-9f82-4f2d703328de",
  "last_edited_by_table": "notion_user",
  "last_edited_by_id": "db401f86-4012-4d18-9445-236978ef32df",
  "shard_id": 924403,
  "space_id": "fde5ac74-eea3-4527-8f00-4482710e1af3"
}
