{
  "id": "693b4304-0bbd-4f9a-85f1-7c9cb1768110",
  "version": 50,
  "type": "gallery",
  "name": "Atlanta Hawks",
  "query": {
    "sort": [
      {
        "id": "5e4717f1-aaa9-43b7-b47c-27870be21c81",
        "type": "formula",
        "property": "=7m2",
        "direction": "ascending"
      }
    ],
    "filter": [
      {
        "id": "b477edbf-0ebd-49d7-98e3-8d46bd0de0dc",
        "type": "relation",
        "value": "841918aa-f2a3-4d4c-b5ad-64b0f57c47b8",
        "property": "p4nU",
        "comparator": "enum_contains"
      }
    ],
    "filter_operator": "and"
  },
  "format": {
    "gallery_cover": {
      "type": "property",
      "property": "9DS!"
    },
    "gallery_cover_size": "small",
    "gallery_properties": [
      {
        "visible": true,
        "property": "p4nU"
      },
      {
        "visible": true,
        "property": "IY\\1"
      },
      {
        "visible": true,
        "property": "([kx"
      },
      {
        "visible": true,
        "property": "RyF."
      },
      {
        "visible": true,
        "property": "i?W1"
      },
      {
        "visible": true,
        "property": "LH{*"
      },
      {
        "visible": false,
        "property": "gq#*"
      },
      {
        "visible": false,
        "property": "MYa3"
      },
      {
        "visible": false,
        "property": "jhk5"
      },
      {
        "visible": false,
        "property": "\"G]_"
      },
      {
        "visible": false,
        "property": "-@$\\"
      },
      {
        "visible": false,
        "property": "ZHAU"
      },
      {
        "visible": false,
        "property": "N!$K"
      },
      {
        "visible": false,
        "property": "9DS!"
      },
      {
        "visible": false,
        "property": "=7m2"
      }
    ],
    "gallery_cover_aspect": "contain",
    "gallery_title_visible": true
  },
  "parent_id": "25630754-1583-4e09-b080-787768ecff62",
  "parent_table": "block",
  "alive": true,
  "query2": {
    "sort": [
      {
        "id": "5e4717f1-aaa9-43b7-b47c-27870be21c81",
        "type": "formula",
        "property": "=7m2",
        "direction": "ascending"
      }
    ],
    "filter": {
      "filters": [
        {
          "filter": {
            "value": {
              "type": "exact",
              "value": "841918aa-f2a3-4d4c-b5ad-64b0f57c47b8"
            },
            "operator": "relation_contains"
          },
          "property": "p4nU"
        }
      ],
      "operator": "and"
    }
  }
}